::: Format of this file: terms-of-the-task :: the outlier-to-find
: family-siblings
Arthur Bellatrix Molly Ginevra :: Bellatrix
Arthur Ginevra Molly Albus :: Albus
Lily Molly Arthur Ginevra :: Lily
Molly Ginevra Arthur James :: James
Ginevra Sinistra Molly Arthur :: Sinistra
Arthur Ginevra Molly Luna :: Luna
Arthur Molly Ginevra Sirius :: Sirius
Arthur Molly Slytherin Ginevra :: Slytherin
Hogwarts Arthur Molly Ginevra :: Hogwarts
Ginevra Durmstrang Molly Arthur :: Durmstrang
Nicholas Ginevra Arthur Molly :: Nicholas
Molly Ginevra Arthur veela :: veela
Arthur phoenix Molly Ginevra :: phoenix
Molly Aberforth Ginevra Arthur :: Aberforth
Arthur Molly Kingsley Ginevra :: Kingsley
Molly Shacklebolt Arthur Ginevra :: Shacklebolt
Arthur Molly Azkaban Ginevra :: Azkaban
Mandrake Molly Arthur Ginevra :: Mandrake
Thestral Molly Arthur Ginevra :: Thestral
Bellatrix Ron Molly Ginevra :: Bellatrix
Albus Ginevra Ron Molly :: Albus
Molly Ron Ginevra Lily :: Lily
Ginevra James Molly Ron :: James
Sinistra Ron Ginevra Molly :: Sinistra
Ron Molly Luna Ginevra :: Luna
Ginevra Molly Sirius Ron :: Sirius
Ginevra Slytherin Molly Ron :: Slytherin
Hogwarts Molly Ginevra Ron :: Hogwarts
Ginevra Molly Ron Durmstrang :: Durmstrang
Ginevra Ron Molly Nicholas :: Nicholas
veela Ginevra Ron Molly :: veela
Ginevra phoenix Ron Molly :: phoenix
Ginevra Molly Ron Aberforth :: Aberforth
Molly Ron Kingsley Ginevra :: Kingsley
Molly Ginevra Shacklebolt Ron :: Shacklebolt
Molly Ginevra Azkaban Ron :: Azkaban
Ron Ginevra Molly Mandrake :: Mandrake
Thestral Molly Ginevra Ron :: Thestral
Ron Bellatrix Ginevra Arthur :: Bellatrix
Ginevra Arthur Albus Ron :: Albus
Arthur Lily Ginevra Ron :: Lily
James Ron Arthur Ginevra :: James
Ron Arthur Ginevra Sinistra :: Sinistra
Ginevra Luna Arthur Ron :: Luna
Ron Sirius Ginevra Arthur :: Sirius
Ginevra Slytherin Ron Arthur :: Slytherin
Arthur Ron Hogwarts Ginevra :: Hogwarts
Ginevra Durmstrang Ron Arthur :: Durmstrang
Ron Ginevra Nicholas Arthur :: Nicholas
veela Arthur Ron Ginevra :: veela
phoenix Ginevra Ron Arthur :: phoenix
Ginevra Ron Arthur Aberforth :: Aberforth
Ginevra Ron Kingsley Arthur :: Kingsley
Arthur Ginevra Ron Shacklebolt :: Shacklebolt
Azkaban Ron Ginevra Arthur :: Azkaban
Ron Ginevra Arthur Mandrake :: Mandrake
Thestral Ginevra Arthur Ron :: Thestral
Molly Arthur Bellatrix Ron :: Bellatrix
Albus Molly Ron Arthur :: Albus
Molly Lily Arthur Ron :: Lily
Molly James Ron Arthur :: James
Arthur Ron Sinistra Molly :: Sinistra
Arthur Molly Luna Ron :: Luna
Ron Sirius Arthur Molly :: Sirius
Arthur Molly Slytherin Ron :: Slytherin
Molly Hogwarts Arthur Ron :: Hogwarts
Molly Ron Durmstrang Arthur :: Durmstrang
Molly Arthur Ron Nicholas :: Nicholas
Arthur veela Ron Molly :: veela
Ron Arthur Molly phoenix :: phoenix
Ron Molly Aberforth Arthur :: Aberforth
Ron Kingsley Arthur Molly :: Kingsley
Arthur Molly Ron Shacklebolt :: Shacklebolt
Azkaban Arthur Molly Ron :: Azkaban
Arthur Molly Ron Mandrake :: Mandrake
Arthur Ron Thestral Molly :: Thestral
Lucius Draco Narcissa Evans :: Evans
Draco Narcissa Marauders Lucius :: Marauders
Lucius Gryffindor Narcissa Draco :: Gryffindor
Prewett Draco Narcissa Lucius :: Prewett
Draco Narcissa Dursley Lucius :: Dursley
Lucius Draco Narcissa Petunia :: Petunia
Narcissa Lucius Ronald Draco :: Ronald
Narcissa Molly Lucius Draco :: Molly
Draco Ravenclaw Narcissa Lucius :: Ravenclaw
Animagi Lucius Draco Narcissa :: Animagi
Draco Lucius witch Narcissa :: witch
Lucius Nicolas Draco Narcissa :: Nicolas
Lord Narcissa Draco Lucius :: Lord
Draco Lucius Voldemort Narcissa :: Voldemort
Lucius Narcissa Maxime Draco :: Maxime
Draco Snape Lucius Narcissa :: Snape
Lucius Draco Slytherin Narcissa :: Slytherin
Lucius Hogwarts Narcissa Draco :: Hogwarts
Draco Lucius Narcissa Durmstrang :: Durmstrang
: Hogwarts-houses 
Hufflepuff Slytherin Lumos Ravenclaw :: Lumos
Hufflepuff Ravenclaw Slytherin muggle :: muggle
Hufflepuff Hermione Ravenclaw Slytherin :: Hermione
Neville Ravenclaw Slytherin Hufflepuff :: Neville
Hufflepuff Cornelius Ravenclaw Slytherin :: Cornelius
Hufflepuff Ravenclaw Fudge Slytherin :: Fudge
Slytherin Hufflepuff Wormtail Ravenclaw :: Wormtail
Slytherin Ravenclaw Hufflepuff Dobby :: Dobby
Slytherin Ravenclaw Hufflepuff Lockhart :: Lockhart
Slytherin Hufflepuff Crookshanks Ravenclaw :: Crookshanks
Slytherin veela Hufflepuff Ravenclaw :: veela
Hufflepuff Slytherin witch Ravenclaw :: witch
Hufflepuff Hagrid Ravenclaw Slytherin :: Hagrid
Lumos Slytherin Gryffindor Ravenclaw :: Lumos
Ravenclaw Slytherin Gryffindor muggle :: muggle
Gryffindor Slytherin Ravenclaw Hermione :: Hermione
Slytherin Neville Gryffindor Ravenclaw :: Neville
Slytherin Gryffindor Ravenclaw Cornelius :: Cornelius
Ravenclaw Fudge Slytherin Gryffindor :: Fudge
Ravenclaw Slytherin Gryffindor Wormtail :: Wormtail
Ravenclaw Dobby Gryffindor Slytherin :: Dobby
Gryffindor Lockhart Slytherin Ravenclaw :: Lockhart
Slytherin Ravenclaw Gryffindor Crookshanks :: Crookshanks
Ravenclaw Gryffindor Slytherin veela :: veela
Gryffindor Ravenclaw witch Slytherin :: witch
Slytherin Hagrid Ravenclaw Gryffindor :: Hagrid
Gryffindor Lumos Hufflepuff Slytherin :: Lumos
Slytherin Gryffindor muggle Hufflepuff :: muggle
Hufflepuff Hermione Gryffindor Slytherin :: Hermione
Gryffindor Hufflepuff Slytherin Neville :: Neville
Hufflepuff Slytherin Cornelius Gryffindor :: Cornelius
Slytherin Hufflepuff Gryffindor Fudge :: Fudge
Wormtail Slytherin Gryffindor Hufflepuff :: Wormtail
Gryffindor Slytherin Hufflepuff Dobby :: Dobby
Hufflepuff Lockhart Slytherin Gryffindor :: Lockhart
Slytherin Crookshanks Gryffindor Hufflepuff :: Crookshanks
Slytherin Gryffindor veela Hufflepuff :: veela
Hufflepuff Slytherin Gryffindor witch :: witch
Hagrid Gryffindor Slytherin Hufflepuff :: Hagrid
Hufflepuff Lumos Ravenclaw Gryffindor :: Lumos
Ravenclaw muggle Hufflepuff Gryffindor :: muggle
Gryffindor Hufflepuff Hermione Ravenclaw :: Hermione
Ravenclaw Hufflepuff Gryffindor Neville :: Neville
Gryffindor Ravenclaw Hufflepuff Cornelius :: Cornelius
Hufflepuff Ravenclaw Fudge Gryffindor :: Fudge
Gryffindor Hufflepuff Wormtail Ravenclaw :: Wormtail
Ravenclaw Hufflepuff Gryffindor Dobby :: Dobby
Hufflepuff Lockhart Gryffindor Ravenclaw :: Lockhart
Gryffindor Ravenclaw Crookshanks Hufflepuff :: Crookshanks
Ravenclaw Hufflepuff Gryffindor veela :: veela
witch Ravenclaw Gryffindor Hufflepuff :: witch
Ravenclaw Gryffindor Hagrid Hufflepuff :: Hagrid
: Gryffindor-members
Draco Harry Ron Hermione :: Draco
Harry Ron Hermione Bellatrix :: Bellatrix
Harry Ron Igor Hermione :: Igor
Hermione Ron Harry Lumos :: Lumos
Ron Lord Harry Hermione :: Lord
Harry Ron Hermione Voldemort :: Voldemort
Harry Hermione Severus Ron :: Severus
Hermione Snape Ron Harry :: Snape
Hermione Harry Fleur Ron :: Fleur
Ron Vernon Hermione Harry :: Vernon
Dolores Ron Harry Hermione :: Dolores
Harry Cedric Hermione Ron :: Cedric
Harry Hermione Barty Ron :: Barty
Ron Rita Harry Hermione :: Rita
Harry Hermione Ron Ollivander :: Ollivander
Hermione Ron Fenrir Harry :: Fenrir
Harry Ron Greyback Hermione :: Greyback
Hermione Harry Nicolas Ron :: Nicolas
Hermione Ron Azkaban Harry :: Azkaban
: half-blood wizards
Albus Hermione Neville Harry :: Neville
Albus Hermione Cornelius Harry :: Cornelius
James Albus Hermione Harry :: James
Hermione Albus Harry Sinistra :: Sinistra
Harry Albus Hermione Luna :: Luna
Albus Dobby Hermione Harry :: Dobby
Harry Albus Lockhart Hermione :: Lockhart
Albus Harry Marge Hermione :: Marge
Albus Hermione Harry Dursley :: Dursley
Albus Ron Harry Hermione :: Ron
Harry Hermione Albus Weasley :: Weasley
Albus Harry Sirius Hermione :: Sirius
Albus Hermione Expelliarmus Harry :: Expelliarmus
: professors
Snape Hagrid McGonagall Luna :: Luna
Alastor Hagrid Snape McGonagall :: Alastor
Moody McGonagall Snape Hagrid :: Moody
Snape Hagrid McGonagall Dudley :: Dudley
Dursley McGonagall Snape Hagrid :: Dursley
Hagrid McGonagall Snape Gregory :: Gregory
Snape Goyle Hagrid McGonagall :: Goyle
Snape Hagrid McGonagall Cho :: Cho
Snape McGonagall Hagrid Chang :: Chang
Hagrid McGonagall Snape Hedwig :: Hedwig
Hagrid Voldemort Snape McGonagall :: Voldemort
Snape Neville McGonagall Hagrid :: Neville
McGonagall Wormtail Hagrid Snape :: Wormtail
McGonagall Dobby Snape Hagrid :: Dobby
witch Snape Hagrid McGonagall :: witch
wand Hagrid McGonagall Snape :: wand
Hagrid Snape McGonagall Madam :: Madam
McGonagall Pomfrey Hagrid Snape :: Pomfrey
Expelliarmus Snape McGonagall Hagrid :: Expelliarmus
Luna Hagrid Snape Dumbledore :: Luna
Hagrid Dumbledore Alastor Snape :: Alastor
Hagrid Snape Moody Dumbledore :: Moody
Dumbledore Dudley Hagrid Snape :: Dudley
Dursley Snape Hagrid Dumbledore :: Dursley
Hagrid Snape Gregory Dumbledore :: Gregory
Goyle Hagrid Snape Dumbledore :: Goyle
Cho Dumbledore Snape Hagrid :: Cho
Snape Dumbledore Hagrid Chang :: Chang
Dumbledore Snape Hagrid Hedwig :: Hedwig
Voldemort Snape Hagrid Dumbledore :: Voldemort
Snape Neville Dumbledore Hagrid :: Neville
Dumbledore Hagrid Wormtail Snape :: Wormtail
Snape Dumbledore Hagrid Dobby :: Dobby
Dumbledore witch Hagrid Snape :: witch
Snape Hagrid Dumbledore wand :: wand
Madam Hagrid Dumbledore Snape :: Madam
Dumbledore Pomfrey Snape Hagrid :: Pomfrey
Expelliarmus Dumbledore Hagrid Snape :: Expelliarmus
Luna McGonagall Hagrid Dumbledore :: Luna
McGonagall Alastor Dumbledore Hagrid :: Alastor
Dumbledore Moody Hagrid McGonagall :: Moody
Dumbledore Hagrid Dudley McGonagall :: Dudley
Hagrid Dursley Dumbledore McGonagall :: Dursley
Dumbledore Gregory Hagrid McGonagall :: Gregory
Hagrid McGonagall Goyle Dumbledore :: Goyle
Cho Dumbledore McGonagall Hagrid :: Cho
McGonagall Hagrid Chang Dumbledore :: Chang
McGonagall Hagrid Hedwig Dumbledore :: Hedwig
Voldemort Hagrid Dumbledore McGonagall :: Voldemort
Hagrid Dumbledore McGonagall Neville :: Neville
Hagrid McGonagall Wormtail Dumbledore :: Wormtail
Dobby Hagrid Dumbledore McGonagall :: Dobby
Hagrid McGonagall witch Dumbledore :: witch
Hagrid wand McGonagall Dumbledore :: wand
Madam Dumbledore Hagrid McGonagall :: Madam
McGonagall Hagrid Dumbledore Pomfrey :: Pomfrey
Hagrid McGonagall Dumbledore Expelliarmus :: Expelliarmus
Dumbledore Snape Luna McGonagall :: Luna
Dumbledore Alastor McGonagall Snape :: Alastor
Snape Dumbledore McGonagall Moody :: Moody
McGonagall Snape Dumbledore Dudley :: Dudley
Dursley Snape McGonagall Dumbledore :: Dursley
Gregory Snape Dumbledore McGonagall :: Gregory
Dumbledore McGonagall Snape Goyle :: Goyle
McGonagall Cho Dumbledore Snape :: Cho
Dumbledore Chang Snape McGonagall :: Chang
Dumbledore Snape Hedwig McGonagall :: Hedwig
McGonagall Voldemort Snape Dumbledore :: Voldemort
Snape McGonagall Neville Dumbledore :: Neville
Wormtail Snape Dumbledore McGonagall :: Wormtail
McGonagall Dumbledore Dobby Snape :: Dobby
witch Dumbledore Snape McGonagall :: witch
McGonagall wand Snape Dumbledore :: wand
McGonagall Dumbledore Snape Madam :: Madam
Dumbledore Pomfrey McGonagall Snape :: Pomfrey
McGonagall Snape Expelliarmus Dumbledore :: Expelliarmus
: Hogwarts-subjects
Herbology Charms English Transfiguration :: English
Transfiguration Herbology Fleur Charms :: Fleur
Vernon Charms Transfiguration Herbology :: Vernon
Herbology Azkaban Charms Transfiguration :: Azkaban
Charms Herbology Cornelius Transfiguration :: Cornelius
Transfiguration Herbology Sports Charms :: Sports
Mandrake Herbology Charms Transfiguration :: Mandrake
witch Transfiguration Herbology Charms :: witch
wizard Charms Transfiguration Herbology :: wizard
Astronomy Herbology Transfiguration English :: English
Astronomy Transfiguration Fleur Herbology :: Fleur
Transfiguration Astronomy Vernon Herbology :: Vernon
Transfiguration Astronomy Azkaban Herbology :: Azkaban
Astronomy Herbology Cornelius Transfiguration :: Cornelius
Transfiguration Astronomy Sports Herbology :: Sports
Transfiguration Astronomy Herbology Mandrake :: Mandrake
Astronomy Transfiguration Herbology witch :: witch
Herbology wizard Astronomy Transfiguration :: wizard
English Astronomy Herbology Charms :: English
Herbology Fleur Charms Astronomy :: Fleur
Astronomy Herbology Charms Vernon :: Vernon
Herbology Azkaban Astronomy Charms :: Azkaban
Herbology Cornelius Astronomy Charms :: Cornelius
Herbology Astronomy Sports Charms :: Sports
Astronomy Herbology Mandrake Charms :: Mandrake
Charms Astronomy witch Herbology :: witch
wizard Charms Herbology Astronomy :: wizard
Charms Transfiguration Astronomy English :: English
Astronomy Transfiguration Fleur Charms :: Fleur
Vernon Astronomy Transfiguration Charms :: Vernon
Transfiguration Azkaban Astronomy Charms :: Azkaban
Transfiguration Charms Astronomy Cornelius :: Cornelius
Astronomy Sports Transfiguration Charms :: Sports
Charms Mandrake Transfiguration Astronomy :: Mandrake
Transfiguration Astronomy witch Charms :: witch
Charms Transfiguration wizard Astronomy :: wizard
: wizarding-equipment
phials parchment scales pen :: pen
phials scales parchment pencil :: pencil
parchment scales phials witch :: witch
phials parchment scales Nevil :: Nevil
parchment cover phials scales :: cover
scales rubber parchment phials :: rubber
tape parchment phials scales :: tape
scales parchment phials Golden :: Golden
phials Snitch parchment scales :: Snitch
scales phials Azkaban parchment :: Azkaban
phials parchment Hogwarts scales :: Hogwarts
pen cauldron phials parchment :: pen
phials cauldron pencil parchment :: pencil
cauldron witch phials parchment :: witch
cauldron phials Nevil parchment :: Nevil
cauldron phials cover parchment :: cover
phials rubber parchment cauldron :: rubber
parchment phials tape cauldron :: tape
Golden phials cauldron parchment :: Golden
cauldron Snitch parchment phials :: Snitch
cauldron phials parchment Azkaban :: Azkaban
Hogwarts phials cauldron parchment :: Hogwarts
pen parchment cauldron scales :: pen
cauldron scales pencil parchment :: pencil
witch cauldron scales parchment :: witch
scales Nevil parchment cauldron :: Nevil
scales cauldron cover parchment :: cover
parchment cauldron rubber scales :: rubber
parchment tape scales cauldron :: tape
parchment cauldron Golden scales :: Golden
scales Snitch cauldron parchment :: Snitch
parchment cauldron Azkaban scales :: Azkaban
parchment Hogwarts cauldron scales :: Hogwarts
cauldron scales pen phials :: pen
phials cauldron pencil scales :: pencil
phials witch cauldron scales :: witch
phials Nevil scales cauldron :: Nevil
cauldron cover phials scales :: cover
rubber cauldron scales phials :: rubber
phials scales cauldron tape :: tape
Golden cauldron scales phials :: Golden
phials Snitch cauldron scales :: Snitch
Azkaban cauldron scales phials :: Azkaban
Hogwarts scales phials cauldron :: Hogwarts
: magic-creatures
dragon wolf troll phoenix :: wolf
spider troll phoenix dragon :: spider
troll witch phoenix dragon :: witch
troll phoenix Mandrake dragon :: Mandrake
troll phoenix Dobby dragon :: Dobby
phoenix dragon wand troll :: wand
cauldron dragon phoenix troll :: cauldron
troll phoenix parchment dragon :: parchment
phoenix phials dragon troll :: phials
troll dragon muggle phoenix :: muggle
phoenix dragon troll wizard :: wizard
phoenix unicorn troll wolf :: wolf
spider troll unicorn phoenix :: spider
phoenix witch unicorn troll :: witch
Mandrake troll phoenix unicorn :: Mandrake
phoenix troll Dobby unicorn :: Dobby
unicorn phoenix troll wand :: wand
phoenix troll cauldron unicorn :: cauldron
unicorn troll phoenix parchment :: parchment
phials troll phoenix unicorn :: phials
muggle unicorn troll phoenix :: muggle
troll phoenix wizard unicorn :: wizard
unicorn troll dragon wolf :: wolf
spider troll dragon unicorn :: spider
witch dragon troll unicorn :: witch
unicorn troll dragon Mandrake :: Mandrake
dragon troll Dobby unicorn :: Dobby
wand dragon unicorn troll :: wand
troll cauldron unicorn dragon :: cauldron
unicorn troll parchment dragon :: parchment
troll dragon phials unicorn :: phials
dragon troll unicorn muggle :: muggle
troll unicorn dragon wizard :: wizard
dragon phoenix wolf unicorn :: wolf
phoenix unicorn spider dragon :: spider
witch phoenix unicorn dragon :: witch
unicorn Mandrake phoenix dragon :: Mandrake
unicorn Dobby dragon phoenix :: Dobby
wand unicorn phoenix dragon :: wand
dragon cauldron phoenix unicorn :: cauldron
parchment dragon unicorn phoenix :: parchment
phoenix unicorn phials dragon :: phials
muggle dragon phoenix unicorn :: muggle
unicorn wizard phoenix dragon :: wizard
: death-eaters
Albus Igor Severus Lucius :: Albus
Igor Severus Lucius Lily :: Lily
Igor James Lucius Severus :: James
Lucius Sinistra Severus Igor :: Sinistra
Severus Lucius Igor Luna :: Luna
Igor Severus Sirius Lucius :: Sirius
Severus Slytherin Lucius Igor :: Slytherin
Hogwarts Lucius Severus Igor :: Hogwarts
Lucius Severus Durmstrang Igor :: Durmstrang
Lucius Severus Nicholas Igor :: Nicholas
Igor Severus Lucius Luna :: Luna
Igor cauldron Lucius Severus :: cauldron
Igor Severus Cornelius Lucius :: Cornelius
Lucius Severus Igor Fudge :: Fudge
Igor Severus Lucius spider :: spider
Severus Albus Igor Bellatrix :: Albus
Bellatrix Igor Severus Lily :: Lily
Bellatrix Igor Severus James :: James
Igor Sinistra Bellatrix Severus :: Sinistra
Severus Luna Igor Bellatrix :: Luna
Severus Igor Sirius Bellatrix :: Sirius
Slytherin Igor Bellatrix Severus :: Slytherin
Hogwarts Severus Igor Bellatrix :: Hogwarts
Durmstrang Bellatrix Igor Severus :: Durmstrang
Bellatrix Igor Nicholas Severus :: Nicholas
Bellatrix Igor Luna Severus :: Luna
Severus cauldron Bellatrix Igor :: cauldron
Severus Cornelius Igor Bellatrix :: Cornelius
Severus Fudge Igor Bellatrix :: Fudge
Bellatrix spider Igor Severus :: spider
Lucius Albus Severus Bellatrix :: Albus
Bellatrix Lucius Severus Lily :: Lily
Lucius Bellatrix James Severus :: James
Sinistra Bellatrix Lucius Severus :: Sinistra
Lucius Severus Bellatrix Luna :: Luna
Severus Bellatrix Lucius Sirius :: Sirius
Lucius Bellatrix Severus Slytherin :: Slytherin
Hogwarts Bellatrix Severus Lucius :: Hogwarts
Durmstrang Lucius Bellatrix Severus :: Durmstrang
Nicholas Lucius Severus Bellatrix :: Nicholas
Severus Luna Bellatrix Lucius :: Luna
Severus cauldron Lucius Bellatrix :: cauldron
Cornelius Severus Bellatrix Lucius :: Cornelius
Bellatrix Fudge Lucius Severus :: Fudge
Bellatrix spider Lucius Severus :: spider
Lucius Albus Igor Bellatrix :: Albus
Bellatrix Igor Lily Lucius :: Lily
Igor James Lucius Bellatrix :: James
Sinistra Igor Lucius Bellatrix :: Sinistra
Lucius Luna Igor Bellatrix :: Luna
Sirius Igor Bellatrix Lucius :: Sirius
Slytherin Igor Lucius Bellatrix :: Slytherin
Lucius Hogwarts Igor Bellatrix :: Hogwarts
Igor Bellatrix Lucius Durmstrang :: Durmstrang
Igor Bellatrix Nicholas Lucius :: Nicholas
Bellatrix Luna Lucius Igor :: Luna
Igor Lucius cauldron Bellatrix :: cauldron
Cornelius Lucius Bellatrix Igor :: Cornelius
Igor Bellatrix Fudge Lucius :: Fudge
Igor spider Bellatrix Lucius :: spider
